<?xml version="1.0"?>
<definitions>
	<def key="8000">&lt;unknown parameter&gt;</def>
	<def key="8001">&lt;out of range&gt;</def>
	<def key="8002">Device ID</def>
	<def key="8003">Firmware Version</def>
	<def key="8004">Hardware Version</def>
	<def key="8005">Reseller ID</def>
	<def key="8006">Serial Number</def>
	<def key="8007">Options Register</def>
	<def key="8008">Firmware Update Acknowledge</def>
	<def key="8009">Firmware Checksum</def>
	<def key="8010">Sample Period</def>
	<def key="8011">Op. State Register</def>
	<def key="8012">Node Stop Type</def>
	<def key="8013">Watchdog Time Constant</def>
	<def key="8014">User Identification</def>
	<def key="8072">User Identification(ext)</def>
	<def key="8015">Status Register</def>
	<def key="8071">Run-Time Error Code</def>
	<def key="8016">Status Register (realtime)</def>
	<def key="8017">Status Rise/Attn Register</def>
	<def key="8081">Status Fall Register</def>
	<def key="8018">Attention Mask Register</def>
	<def key="8019">Node Time</def>
	<def key="8020">Node Time (long)</def>
	<def key="8021">Configuration Options</def>
	<def key="8022">Input Register</def>
	<def key="8023">Input Rising Edge Latch</def>
	<def key="8024">Input Falling Edge Latch</def>
	<def key="8025">Input Transition Latch</def>
	<def key="8026">Input Source Definition</def>
	<def key="8027">User Input Register</def>
	<def key="8028">Output Register</def>
	<def key="8029">Output Rising Edge Latch</def>
	<def key="8030">Output Falling Edge Latch</def>
	<def key="8031">Output Transition Latch</def>
	<def key="8032">Input Polarity Register</def>
	<def key="8033">User Output Register</def>
	<def key="8034">Output PLA Source</def>
	<def key="8035">GP timer period</def>
	<def key="8036">PLA Output Register</def>
	<def key="8037">Input Polarity Register</def>
	<def key="8038">Measured Position</def>
	<def key="8039">Index Position Capture</def>
	<def key="8040">GPI 00 Position Capture</def>
	<def key="8041">PLA Position Capture</def>
	<def key="8042">Set of Param. to Poll</def>
	<def key="8043">Poll Parameter Register</def>
	<def key="8044">Velocity Limit</def>
	<def key="8045">Acceleration Limit</def>
	<def key="8046">Test param #9</def>
	<def key="8047">Interrupt Mask</def>
	<def key="8407">Index Position Capture (load)</def>
	<def key="8408">Measured Position (load)</def>
	<def key="8048">RAS� Jerk Limit</def>
	<def key="8049">Attention Register</def>
	<def key="8050">Polled Node List</def>
	<def key="8051">Position Trigger Point</def>
	<def key="8052">A after Start</def>
	<def key="8053">B before End</def>
	<def key="8054">Tracking Range</def>
	<def key="8055">Commanded Position</def>
	<def key="8056">Position Error</def>
	<def key="8057">Pulse/Encoder Ratio</def>
	<def key="8058">Stop Acceleration Limit</def>
	<def key="8059">Measured Position (int)</def>
	<def key="8060">Commanded Position (int)</def>
	<def key="8061">Commanded Velocity</def>
	<def key="8062">Measured Velocity</def>
	<def key="8063">Deceleration Limit</def>
	<def key="8085">Measured Motor Position (int)</def>
	<def key="8086">Coupling Error</def>
	<def key="8087">Software Limit Position Positive</def>
	<def key="8088">Software Limit Position Negative</def>
	<def key="8089">Repeating Move Dwell</def>
	<def key="8090">Homing Acceleration</def>
	<def key="8091">RAS Delay</def>
	<def key="8092">Maximum travel from home</def>
	<def key="8093">Hardstop delay time</def>
	<def key="8094">Velocity Limit Max</def>
	<def key="8095">Acceleration Limit Max</def>
	<def key="8096">Stop Acceleration Limit Max</def>
	<def key="8097">Motor Inertia</def>
	<def key="8098">Motor Static Friction</def>
	<def key="8099">Motor Viscous Friction</def>
	<def key="8064">Head Distance</def>
	<def key="8065">Tail Distance</def>
	<def key="8066">Head/Tail Velocity Limit</def>
	<def key="8067">Velocity Glitch</def>
	<def key="8068">Position Glitch</def>
	<def key="8069">Maximum Acceleration</def>
	<def key="8070">Number of Stray Characters</def>
	<def key="8100">Poll Priority List</def>
	<def key="8101">Maximum Ring Poll</def>
	<def key="8102">Current Ring Poll</def>
	<def key="8103">Number of Packets/Bad Checksum </def>
	<def key="8104">Number of Fragmented Packets</def>
	<def key="8105">Number of Packets Sent</def>
	<def key="8106">Number of Packets Received</def>
	<def key="8107">Number of SOF Sent</def>
	<def key="8108">Number of SOF Received</def>
	<def key="8109">Number of Interrupts Received</def>
	<def key="8110">Number of Attn. Req. Received</def>
	<def key="8200">Acquisition Parameters</def>
	<def key="8201">DigiLog Thresholds 0</def>
	<def key="8202">DigiLog Thresholds 1</def>
	<def key="8203">DigiLog Thresholds 2</def>
	<def key="8204">DigiLog Thresholds 3</def>
	<def key="8205">DigiLog Thresholds 4</def>
	<def key="8206">DigiLog Thresholds 5</def>
	<def key="8207">DigiLog Thresholds 6</def>
	<def key="8208">DigiLog Thresholds 7</def>
	<def key="8209">DigiLog Thresholds 8</def>
	<def key="8210">DigiLog Thresholds 9</def>
	<def key="8211">DigiLog Thresholds 10</def>
	<def key="8212">DigiLog Thresholds 11</def>
	<def key="8213">DigiLog Filter 0</def>
	<def key="8214">DigiLog Filter 1</def>
	<def key="8215">DigiLog Filter 2</def>
	<def key="8216">DigiLog Filter 3</def>
	<def key="8217">DigiLog Filter 4</def>
	<def key="8218">DigiLog Filter 5</def>
	<def key="8219">DigiLog Filter 6</def>
	<def key="8220">DigiLog Filter 7</def>
	<def key="8221">DigiLog Filter 8</def>
	<def key="8222">DigiLog Filter 9</def>
	<def key="8223">DigiLog Filter 10</def>
	<def key="8224">DigiLog Filter 11</def>
	<def key="8225">DigiLog Input 0</def>
	<def key="8226">DigiLog Input 1</def>
	<def key="8227">DigiLog Input 2</def>
	<def key="8228">DigiLog Input 3</def>
	<def key="8229">DigiLog Input 4</def>
	<def key="8230">DigiLog Input 5</def>
	<def key="8231">DigiLog Input 6</def>
	<def key="8232">DigiLog Input 7</def>
	<def key="8233">DigiLog Input 8</def>
	<def key="8234">DigiLog Input 9</def>
	<def key="8235">DigiLog Input 10</def>
	<def key="8236">DigiLog Input 11</def>
	<def key="8237">Bipolar Offset 10</def>
	<def key="8238">Bipolar Offset 11</def>
	<def key="8239">+5V Supply</def>
	<def key="8240">+12V Supply</def>
	<def key="8241">Analog Max/Min Select</def>
	<def key="8242">Analog Max</def>
	<def key="8243">Analog Min</def>
	<def key="8244">Test Input</def>
	<def key="8245">Test Output</def>
	<def key="8246">Number of Fragmented Packets</def>
	<def key="8247">Number of Badly Checksumed Packets</def>
	<def key="8248">Number of Stray Characters</def>
	<def key="8249">Output Register (IEX)</def>
	<def key="8250">Input Register (IEX)</def>
	<def key="8251">Default Output Register (IEX)</def>
	<def key="8252">Input Rise Register (IEX)</def>
	<def key="8253">Input Fall Register (IEX)</def>
	<def key="8254">User Output Request (IEX)</def>
	<def key="8255">User Non-Volatile 0</def>
	<def key="8256">User Non-Volatile 1</def>
	<def key="8257">User Non-Volatile 2</def>
	<def key="8258">User Non-Volatile 3</def>
	<def key="8259">User Volatile 0</def>
	<def key="8260">Shutdown History Index</def>
	<def key="8261">Shutdown History Item</def>
	<def key="8262">Hardware Configuration Register</def>
	<def key="8263">Application Configuration Register</def>
	<def key="8264">Tuning Configuration Register</def>
	<def key="8111">Part Number</def>
	<def key="8112">Configuration Update Acknowledge</def>
	<def key="8113">Configuration Version</def>
	<def key="8082">Link Status</def>
	<def key="8426">Powered On Time</def>
	<def key="8427">Controlled Stop Output Register</def>
	<def key="8114">App Channel Checksum Error Count</def>
	<def key="8115">App Channel Fragment Error Count</def>
	<def key="8116">App Channel Stray Error Count</def>
	<def key="8117">App Channel Overrun Error Count</def>
	<def key="8118">Diagnostic Channel Checksum Error Count</def>
	<def key="8119">Diagnostic Channel Fragment Error Count</def>
	<def key="8120">Diagnostic Channel Stray Error Count</def>
	<def key="8121">Diagnostic Channel Overrun Error Count</def>
	<def key="8440">Network Power Brown Out Count</def>
	<def key="8441">Bad TSPD Event Count</def>
	<def key="8442">Bad Slot Event Count</def>
	<def key="8443">Slot 0 loading</def>
	<def key="8444">Slot 1 loading</def>
	<def key="8445">Slot 2 loading</def>
	<def key="8446">Slot 3 loading</def>
	<def key="8447">Average loading</def>
	<def key="8448">Reference Supply</def>
	<def key="8510">User Description (0)</def>
	<def key="8511">User Description (1)</def>
	<def key="8512">User Description (2)</def>
	<def key="8513">User Description (2)</def>
	<def key="8514">User Description (4)</def>
	<def key="8122">Input A (high-speed) Position Capture</def>
	<def key="8123">Input B Position Capture</def>
	<def key="8300">Vector Update Rate</def>
	<def key="8301">Encoder Density</def>
	<def key="8302">Motor Poles</def>
	<def key="8303">Motor Torque/Force Constant [Ke]</def>
	<def key="8326">Command Unit Density</def>
	<def key="8304">Motor Ph-Ph Resistance</def>
	<def key="8305">Motor Electrical Time Constant</def>
	<def key="8306">Reference Offset</def>
	<def key="8307">Max. Continuous (RMS) Motor Current</def>
	<def key="8308">Max. Time @ 100% Output</def>
	<def key="8382">RMS initial level on reset</def>
	<def key="8309">Mtr. Encoder Max. Freq.</def>
	<def key="8310">Commutation Edge Capture</def>
	<def key="8311">Commutation Angle</def>
	<def key="8312">Kip</def>
	<def key="8313">Kii</def>
	<def key="8315">Kv</def>
	<def key="8316">Kp</def>
	<def key="8314">Kpl</def>
	<def key="8317">Ki</def>
	<def key="8318">Kfv</def>
	<def key="8319">Kfa</def>
	<def key="8320">Kfj</def>
	<def key="8321">Kff</def>
	<def key="8322">Knv</def>
	<def key="8323">Kr</def>
	<def key="8325">Torque/Force Bias</def>
	<def key="8327">Monitor 0-Amplitude</def>
	<def key="8328">Monitor 0-Variable</def>
	<def key="8329">Monitor 0-Filter</def>
	<def key="8330">Monitor 1-Amplitude</def>
	<def key="8331">Monitor 1-Variable</def>
	<def key="8332">Monitor 1-Filter</def>
	<def key="8392">Knv(Anti-Hunt)</def>
	<def key="8425">AntiHunt 2</def>
	<def key="8334">Torque/Force Limit</def>
	<def key="8335">Negative Torque Limit</def>
	<def key="8336">Tracking Error Limit</def>
	<def key="8432">Coupling Error Limit</def>
	<def key="8337">Move Done Time Const.</def>
	<def key="8338">Logic Power Backup Recovery Window</def>
	<def key="8339">Delay-Power-up to Ready</def>
	<def key="8340">Delay-Power-up to Servo</def>
	<def key="8341">Torque/Force Foldback Level</def>
	<def key="8342">Hard Stop - Threshold</def>
	<def key="8343">Hard Stop - Qualify Time</def>
	<def key="8344">Relax Time</def>
	<def key="8345">Bus Voltage</def>
	<def key="8346">Maximum Output Current</def>
	<def key="8347">Maximum Drive RMS</def>
	<def key="8348">Longest Drive RMS TC</def>
	<def key="8349">Analog Input Test Point</def>
	<def key="8350">I/O Testpoint</def>
	<def key="8351">R Channel Testpoint</def>
	<def key="8352">S Channel Testpoint</def>
	<def key="8353">Encoder Resolution</def>
	<def key="8354">Heatsink Temperature</def>
	<def key="8355">Configuration Changes</def>
	<def key="8356">Drive Configuration</def>
	<def key="8357">Fuzzy Aperture</def>
	<def key="8358">Fuzzy Hysteresis</def>
	<def key="8359">RMS Level</def>
	<def key="8360">Torque/Force Foldback Level (neg)</def>
	<def key="8361">Heatsink Temperature</def>
	<def key="8362">Drive Status (accum)</def>
	<def key="8380">Drive Status (real-time)</def>
	<def key="8363">Torque/Force Foldback Level (pos)</def>
	<def key="8364">Positive Torque Limit</def>
	<def key="8365">5V Testpoint</def>
	<def key="8366">16V Testpoint</def>
	<def key="8367">IBUS Testpoint</def>
	<def key="8368">Extended Configuration</def>
	<def key="8369">R Sensor calibration</def>
	<def key="8370">S Sensor calibration</def>
	<def key="8493">Bus voltage calibration</def>
	<def key="8371">VBUS Testpoint</def>
	<def key="8372">Torque/Force Commanded</def>
	<def key="8373">Torque/Force Measured</def>
	<def key="8374">Positive Torque/Force Foldback Release Time</def>
	<def key="8375">Negative Torque/Force Foldback Release Time</def>
	<def key="8376">Hard-stopped Torque/Force Foldback Release Time</def>
	<def key="8377">Hard-stopped Torque/Force Foldback</def>
	<def key="8378">Move Done Torque/Force Foldback</def>
	<def key="8379">Move Done Torque/Force Foldback Release Time</def>
	<def key="8496">Clamping Torque/Force Foldback</def>
	<def key="8497">Clamping Torque/Force Foldback Release Time</def>
	<def key="8073">ADC maximum scale</def>
	<def key="8074">Flow Control In Test Point</def>
	<def key="8075">Flow Control Out Test Point</def>
	<def key="8388">Commutation Sensorless Startup Torque/Force</def>
	<def key="8389">Hard-stop Qualify Velocity</def>
	<def key="8390"></def>
	<def key="8391"></def>
	<def key="8076">R Sensor Reading(filtered)</def>
	<def key="8077">S Sensor Reading(filtered)</def>
	<def key="8078">Warning Register</def>
	<def key="8079">Warning Mask Register</def>
	<def key="8080">Alert Mask Register</def>
	<def key="8083">Warning Register (accumulating)</def>
	<def key="8084">Max. Accel Used</def>
	<def key="8494">Ref. Supply (adjust)</def>
	<def key="8495">Bus Supply (adjust)</def>
	<def key="8498">Encoder Alignment Register</def>
	<def key="8499">Min Sensor-less Bus V</def>
	<def key="8500">Min Sensor-less I</def>
	<def key="8501">Max Sensor-less I</def>
	<def key="8502">Min Sensor-less phase I</def>
	<def key="8503">Max non-dominant phase I diff</def>
	<def key="8504">Ir Offset</def>
	<def key="8505">Is Offset</def>
	<def key="8265">Bus @ Enable</def>
	<def key="8516">Maximum Torque/Force during Hardstop</def>
	<def key="8518">Communications Only Mode voltage</def>
	<def key="8383">Safety Status</def>
	<def key="8384">Last Safety Status</def>
	<def key="8385">Output Request Register</def>
	<def key="8386">Fan Speed</def>
	<def key="8387">Fan Speed (minimum)</def>
	<def key="8409">Heatsink temp simulation</def>
	<def key="8410">Km Factor</def>
	<def key="8411">Km Min R</def>
	<def key="8412">Fan On Temp</def>
	<def key="8413">Part Identifier</def>
	<def key="8414">Ibus RMS Time Constant</def>
	<def key="8415">Ibus Shutdown Limit</def>
	<def key="8416">Phase Over-Current Limit</def>
	<def key="8417">Ibus (peak)</def>
	<def key="8418">Ibus Level</def>
	<def key="8419">PWBA temp</def>
	<def key="8420">Ir/Is TP Filter</def>
	<def key="8422">Maximum Tracking Error</def>
	<def key="8421">Maximum Tracking Error</def>
	<def key="8423">Anti-Hunt Holdoff</def>
	<def key="8381">Ld. Encoder Max. Freq.</def>
	<def key="8424">Servo TSPD</def>
	<def key="8428">Stepper running torque</def>
	<def key="8429">Stepper idle torque</def>
	<def key="8430">Stepper accel torque</def>
	<def key="8431">Stepper Torque/Force change time constant</def>
	<def key="8433">Microsteps per turn</def>
	<def key="8434">Comm Check Angle Limit</def>
	<def key="8435">Sensorless Startup Torque/Force Rampup Time</def>
	<def key="8436">Sensorless Startup Torque/Force Sweep Time</def>
	<def key="8437">Sensorless Startup Torque/Force Settle Time</def>
	<def key="8438">Torque/Force Request Filter Time Constant</def>
	<def key="8439">Anti-Hunt gain</def>
	<def key="8449">Kzero</def>
	<def key="8450">Izero</def>
	<def key="8451">Target Window</def>
	<def key="8452">Stability Window</def>
	<def key="8453">Enable Input Qualification</def>
	<def key="8454">Enable Pulse Qualification</def>
	<def key="8455">Input B Qualification</def>
	<def key="8456">Input AND/OR Mask Register</def>
	<def key="8507">Input A Qualification</def>
	<def key="8406"> (IEX)</def>
	<def key="8393">User Output Request (IEX)</def>
	<def key="8394">Inputs Risen (IEX)</def>
	<def key="8395">Inputs Fallen (IEX)</def>
	<def key="8396">Node Stop Default (IEX)</def>
	<def key="8400">Glitch Tolerance Limit (IEX)</def>
	<def key="8403">Status Register (IEX)</def>
	<def key="8404">Inputs Risen Attention Mask (IEX)</def>
	<def key="8405">Inputs Fallen Attention Mask (IEX)</def>
	<def key="8399">Inputs Attention Mask (IEX)</def>
	<def key="8397">Output Reg. (IEX)</def>
	<def key="8398">Input Reg. (IEX)</def>
	<def key="9000">quad. count</def>
	<def key="9001">us</def>
	<def key="9002">ms</def>
	<def key="9003">s</def>
	<def key="9004">K ticks/s</def>
	<def key="9005">M ticks/s</def>
	<def key="9006">K ticks/s/s</def>
	<def key="9007">K ticks/sample T</def>
	<def key="9008">M ticks/sample T</def>
	<def key="9009">K ticks/sample T^2</def>
	<def key="9010">sample times</def>
	<def key="9011">position units</def>
	<def key="9012">velocity units</def>
	<def key="9013">Hz</def>
	<def key="9014">micron</def>
	<def key="9015">Ohms</def>
	<def key="9016">degrees (elect.)</def>
	<def key="9017">Volts</def>
	<def key="9018">Amperes</def>
	<def key="9019">% of max</def>
	<def key="9020">degrees(C)</def>
	<def key="9021">RPM</def>
	<def key="9022">hours</def>
	<def key="20000">OK</def>
	<def key="20001">Function failed.</def>
	<def key="20002">Failed due to time-out</def>
	<def key="20003">Packet checksum error.</def>
	<def key="20004">Device selected is out of range</def>
	<def key="20005">There are too many nodes on the link.</def>
	<def key="20006">Response is garbled.</def>
	<def key="20007">Response is from wrong node.</def>
	<def key="20008">Node is offline.</def>
	<def key="20009">Parameter is out of range.</def>
	<def key="20010">Memory is low.</def>
	<def key="20011">Operating System Error: %d.</def>
	<def key="20012">Attempting to use a closed Link Controller.</def>
	<def key="20013">Value requested is invalid.</def>
	<def key="20014">Command packet error.</def>
	<def key="20015">Attempting to use an unknown node.</def>
	<def key="20016">Time-out waiting for command access</def>
	<def key="20017">Packet length != buffer length.</def>
	<def key="20018">RX buffer overflow.</def>
	<def key="20019">RX buffer access/sync problem.</def>
	<def key="20020">Feature not implemented.</def>
	<def key="20021">Port(s) failed to open, already open, or non-existent.</def>
	<def key="20022">TX Buffer full</def>
	<def key="20023">Can't command in serial port mode.</def>
	<def key="20024">Parameter Database not initialized.</def>
	<def key="20025">Initialization tests incomplete due to lack of diagnostic firmware.</def>
	<def key="20026">Interrupt interface appears broken.</def>
	<def key="20027">Command attempt while link offline.</def>
	<def key="20028">Address is locked</def>
	<def key="20029">Resource to complete command is busy</def>
	<def key="20030">Attention FIFO over-run</def>
	<def key="20031">Initialization tests incomplete due to old firmware/further errors.</def>
	<def key="20032">Repeat-Move Time Limit Exceeded:  Use a script for moves &gt;8 seconds</def>
	<def key="20033">Repeat-Move Delay did not complete in time.</def>
	<def key="20034">Attempt to use deprecated API function</def>
	<def key="20035">Link errors detected</def>
	<def key="20036">No Nodes Detected</def>
	<def key="20037">Data acquisition gap in the stream due to invalid sequence.</def>
	<def key="20038">There are no data points in the buffer.</def>
	<def key="20039">Bad API call argument.</def>
	<def key="20040">Interaction with wrong node type.</def>
	<def key="20041">Serial Port does not support requested rate.</def>
	<def key="20042">Command failed to transfer.</def>
	<def key="20043">Could not acquire NC command interface.</def>
	<def key="20044">Could not release NC command interface.</def>
	<def key="20045">Response failed to transfer.</def>
	<def key="20046">Response time-out.</def>
	<def key="20047">Command timeout.</def>
	<def key="20048">Command canceled.</def>
	<def key="20049">Thread create error.</def>
	<def key="20050">Unsolicited response detected.</def>
	<def key="20051">Deferred command response time-out.</def>
	<def key="20052">Response from beyond end of link.</def>
	<def key="20053">Response from wrong source.</def>
	<def key="20054">Flush finding many characters.</def>
	<def key="20055">Failed to set thread priority.</def>
	<def key="20056">Link diagnostic problems detected.</def>
	<def key="20057">Could not start the read COMM IRQs.</def>
	<def key="20058">Read thread returned a NULL buffer.</def>
	<def key="20059">Reset command failed.</def>
	<def key="20060">Log changed during read.</def>
	<def key="20061">Data acquisition overrun.</def>
	<def key="20062">Host's application serial port over-ran.</def>
	<def key="20063">Host's diagnostic port over-ran.</def>
	<def key="20064">Configuration file failed to open for write</def>
	<def key="20065">Configuration file failed to open for reading, missing or security.</def>
	<def key="20066">Configuration file is not for this node.</def>
	<def key="20067">Configuration file has missing or corrupted item(s).</def>
	<def key="20068">Configuration file load requires node to be disabled</def>
	<def key="20069">Illegal command attempt from within an Attention Callback function.</def>
	<def key="20070">Requested function only works on Application net.</def>
	<def key="20071">Request canceled due to lack of 24V supply.</def>
	<def key="21536">Initialization problem (internal error)!</def>
	<def key="21537">Serial Port @ Net Number(s): 0. Initialization problem.</def>
	<def key="21538">Serial Port @ Net Number(s): 1. Initialization problem.</def>
	<def key="21539">Serial Port @ Net Number(s): 0 &amp; 1. Initialization problem.</def>
	<def key="21540">Serial Port @ Net Number(s): 2. Initialization problem.</def>
	<def key="21541">Serial Port @ Net Number(s): 2 &amp; 0. Initialization problem.</def>
	<def key="21542">Serial Port @ Net Number(s): 2 &amp; 1. Initialization problem.</def>
	<def key="21543">Serial Port @ Net Number(s): 2 &amp; 1 &amp; 0. Initialization problem.</def>
	<def key="21792">Port open problem (internal error)!</def>
	<def key="21793">Serial Port @ Net Number(s): 0. Failed to open error: busy or missing.</def>
	<def key="21794">Serial Port @ Net Number(s): 1. Failed to open error: busy or missing.</def>
	<def key="21795">Serial Port @ Net Number(s): 0 &amp; 1. Failed to open error: busy or missing.</def>
	<def key="21796">Serial Port @ Net Number(s): 2. Failed to open error: busy or missing.</def>
	<def key="21797">Serial Port @ Net Number(s): 2 &amp; 0. Failed to open error: busy or missing.</def>
	<def key="21798">Serial Port @ Net Number(s): 2 &amp; 1. Failed to open error: busy or missing.</def>
	<def key="21799">Serial Port @ Net Number(s): 2 &amp; 1 &amp; 0. Failed to open error: busy or missing.</def>
	<def key="22048">Port baud problem (internal error)!</def>
	<def key="22049">Serial Port @ Net Number(s): 0. Doesn't support baud rate.</def>
	<def key="22050">Serial Port @ Net Number(s): 1. Doesn't support baud rate.</def>
	<def key="22051">Serial Port @ Net Number(s): 0 &amp; 1. Doesn't support baud rate.</def>
	<def key="22052">Serial Port @ Net Number(s): 2. Doesn't support baud rate.</def>
	<def key="22053">Serial Port @ Net Number(s): 2 &amp; 0. Doesn't support baud rate.</def>
	<def key="22054">Serial Port @ Net Number(s): 2 &amp; 1. Doesn't support baud rate.</def>
	<def key="22055">Serial Port @ Net Number(s): 2 &amp; 1 &amp; 0. Doesn't support baud rate.</def>
	<def key="20256">Generic reject by node.</def>
	<def key="20257">Node Reject: Unknown command on this node.</def>
	<def key="20258">Node Reject: Bad or missing command arguments.</def>
	<def key="20259">Node Reject: Attempt to update Read-Only parameter.</def>
	<def key="20260">Node Reject: EE hardware fault.</def>
	<def key="20261">Node Reject: Access Level Violation</def>
	<def key="20262">Node Reject: Move buffer is full, move ignored.</def>
	<def key="20263">Node Reject: Move rejected, specification problem.</def>
	<def key="20264">Node Reject: Node-stop blocked move.</def>
	<def key="20265">Node Reject: Move distance attempt out of range.</def>
	<def key="20266">Node Reject: Move blocked by drive shutdown/disable/limit.</def>
	<def key="20267">Node Reject: IEX interaction when stopped.</def>
	<def key="20268">Node Reject: Move blocked by alert condition.</def>
	<def key="20272">Node Reject: Invalid operation while node is in motion.</def>
	<def key="20269">Node Reject: Move blocked while homing runs.</def>
	<def key="20768">Link break between node 0 and 1 on the other channel.</def>
	<def key="20769">Link break between node 1 and 2 on the other channel.</def>
	<def key="20770">Link break between node 2 and 3 on the other channel.</def>
	<def key="20771">Link break between node 3 and 4 on the other channel.</def>
	<def key="20772">Link break between node 4 and 5 on the other channel.</def>
	<def key="20773">Link break between node 5 and 6 on the other channel.</def>
	<def key="20774">Link break between node 6 and 7 on the other channel.</def>
	<def key="20775">Link break between node 7 and 8 on the other channel.</def>
	<def key="20776">Link break between node 8 and 9 on the other channel.</def>
	<def key="20777">Link break between node 9 and 10 on the other channel.</def>
	<def key="20778">Link break between node 10 and 11 on the other channel.</def>
	<def key="20779">Link break between node 11 and 12 on the other channel.</def>
	<def key="20780">Link break between node 12 and 13 on the other channel.</def>
	<def key="20781">Link break between node 13 and 14 on the other channel.</def>
	<def key="20782">Link break between node 14 and 15 on the other channel.</def>
	<def key="20783">Link break between node 15 and the host on the other channel.</def>
	<def key="20784">Link break between node 0 and 1 on app. channel</def>
	<def key="20785">Link break between node 1 and 2 on app. channel</def>
	<def key="20786">Link break between node 2 and 3 on app. channel</def>
	<def key="20787">Link break between node 3 and 4 on app. channel</def>
	<def key="20788">Link break between node 4 and 5 on app. channel</def>
	<def key="20789">Link break between node 5 and 6 on app. channel</def>
	<def key="20790">Link break between node 6 and 7 on app. channel</def>
	<def key="20791">Link break between node 7 and 8 on app. channel</def>
	<def key="20792">Link break between node 8 and 9 on app. channel</def>
	<def key="20793">Link break between node 9 and 10 on app. channel</def>
	<def key="20794">Link break between node 10 and 11 on app. channel</def>
	<def key="20795">Link break between node 11 and 12 on app. channel</def>
	<def key="20796">Link break between node 12 and 13 on app. channel</def>
	<def key="20797">Link break between node 13 and 14 on app. channel</def>
	<def key="20798">Link break between node 14 and 15 on app. channel</def>
	<def key="20799">Link break between node 15 and the host on app. channel</def>
	<def key="20800">Link break after 1 node from ConMod J1 (black) connector</def>
	<def key="20801">Link break after 2 nodes from ConMod J1 (black) connector</def>
	<def key="20802">Link break after 3 nodes from ConMod J1 (black) connector</def>
	<def key="20803">Link break after 4 nodes from ConMod J1 (black) connector</def>
	<def key="20804">Link break after 5 nodes from ConMod J1 (black) connector</def>
	<def key="20805">Link break after 6 nodes from ConMod J1 (black) connector</def>
	<def key="20806">Link break after 7 nodes from ConMod J1 (black) connector</def>
	<def key="20807">Link break after 8 nodes from ConMod J1 (black) connector</def>
	<def key="20808">Link break after 9 nodes from ConMod J1 (black) connector</def>
	<def key="20809">Link break after 10 nodes from ConMod J1 (black) connector</def>
	<def key="20810">Link break after 11 nodes from ConMod J1 (black) connector</def>
	<def key="20811">Link break after 12 nodes from ConMod J1 (black) connector</def>
	<def key="20812">Link break after 13 nodes from ConMod J1 (black) connector</def>
	<def key="20813">Link break after 14 nodes from ConMod J1 (black) connector</def>
	<def key="20814">Link break after 15 nodes from ConMod J1 (black) connector</def>
	<def key="20815">Link break after 16 nodes from ConMod J1 (black) connector</def>
	<def key="20816">Link break between node 0 and the host on app. channel</def>
	<def key="20817">Link break between node 1 and the host on app. channel</def>
	<def key="20818">Link break between node 2 and the host on app. channel</def>
	<def key="20819">Link break between node 3 and the host on app. channel</def>
	<def key="20820">Link break between node 4 and the host on app. channel</def>
	<def key="20821">Link break between node 5 and the host on app. channel</def>
	<def key="20822">Link break between node 6 and the host on app. channel</def>
	<def key="20823">Link break between node 7 and the host on app. channel</def>
	<def key="20824">Link break between node 8 and the host on app. channel</def>
	<def key="20825">Link break between node 9 and the host on app. channel</def>
	<def key="20826">Link break between node 10 and the host on app. channel</def>
	<def key="20827">Link break between node 11 and the host on app. channel</def>
	<def key="20828">Link break between node 12 and the host on app. channel</def>
	<def key="20829">Link break between node 13 and the host on app. channel</def>
	<def key="20830">Link break between node 14 and the host on app. channel</def>
	<def key="20831">Link break between node 15 and the host on app. channel</def>
	<def key="20832">Link break after 1 node from ConMod J1 (black) connector</def>
	<def key="20833">Link break after 2 nodes from ConMod J1 (black) connector</def>
	<def key="20834">Link break after 3 nodes from ConMod J1 (black) connector</def>
	<def key="20835">Link break after 4 nodes from ConMod J1 (black) connector</def>
	<def key="20836">Link break after 5 nodes from ConMod J1 (black) connector</def>
	<def key="20837">Link break after 6 nodes from ConMod J1 (black) connector</def>
	<def key="20838">Link break after 7 nodes from ConMod J1 (black) connector</def>
	<def key="20839">Link break after 8 nodes from ConMod J1 (black) connector</def>
	<def key="20840">Link break after 9 nodes from ConMod J1 (black) connector</def>
	<def key="20841">Link break after 10 nodes from ConMod J1 (black) connector</def>
	<def key="20842">Link break after 11 nodes from ConMod J1 (black) connector</def>
	<def key="20843">Link break after 12 nodes from ConMod J1 (black) connector</def>
	<def key="20844">Link break after 13 nodes from ConMod J1 (black) connector</def>
	<def key="20845">Link break after 14 nodes from ConMod J1 (black) connector</def>
	<def key="20846">Link break after 15 nodes from ConMod J1 (black) connector</def>
	<def key="20847">Link break after 16 nodes from ConMod J1 (black) connector</def>
	<def key="20848">Link break between node 0 and the host.</def>
	<def key="20849">Link break between node 1 and the host.</def>
	<def key="20850">Link break between node 2 and the host.</def>
	<def key="20851">Link break between node 3 and the host.</def>
	<def key="20852">Link break between node 4 and the host.</def>
	<def key="20853">Link break between node 5 and the host.</def>
	<def key="20854">Link break between node 6 and the host.</def>
	<def key="20855">Link break between node 7 and the host.</def>
	<def key="20856">Link break between node 8 and the host.</def>
	<def key="20857">Link break between node 9 and the host.</def>
	<def key="20858">Link break between node 10 and the host.</def>
	<def key="20859">Link break between node 11 and the host.</def>
	<def key="20860">Link break between node 12 and the host.</def>
	<def key="20861">Link break between node 13 and the host.</def>
	<def key="20862">Link break between node 14 and the host.</def>
	<def key="20863">Link break between node 15 and the host.</def>
	<def key="20928">Node 0 was unexpectedly found offline.</def>
	<def key="20929">Node 1 was unexpectedly found offline.</def>
	<def key="20930">Node 2 was unexpectedly found offline.</def>
	<def key="20931">Node 3 was unexpectedly found offline.</def>
	<def key="20932">Node 4 was unexpectedly found offline.</def>
	<def key="20933">Node 5 was unexpectedly found offline.</def>
	<def key="20934">Node 6 was unexpectedly found offline.</def>
	<def key="20935">Node 7 was unexpectedly found offline.</def>
	<def key="20936">Node 8 was unexpectedly found offline.</def>
	<def key="20937">Node 9 was unexpectedly found offline.</def>
	<def key="20938">Node 10 was unexpectedly found offline.</def>
	<def key="20939">Node 11 was unexpectedly found offline.</def>
	<def key="20940">Node 12 was unexpectedly found offline.</def>
	<def key="20941">Node 13 was unexpectedly found offline.</def>
	<def key="20942">Node 14 was unexpectedly found offline.</def>
	<def key="20943">Node 15 was unexpectedly found offline.</def>
	<def key="21020">Link break before first node from ConMod J1 (black) connector</def>
	<def key="21021">Link break between host and node 0 on app. channel</def>
	<def key="21022">Link break between host and node 0</def>
	<def key="21023">Can't detect connectivity on this link.</def>
</definitions>
